Complexity,Loss,Equation
1,52.062485,"-2.2495086"
3,25.757566,"x0 * -0.19696961"
5,0.0,"(x0 * -0.5) + 10.0"
