Complexity,Loss,Equation
1,56844.445,"266.50153"
3,7502.311,"x0 * 15.310354"
5,8.016982,"x0 * (x0 * 0.51582694)"
7,0.0,"((x0 - -1.0) * x0) * 0.5"
