{
  "compression_landmark": {
    "mean": 1.0889258289549895,
    "std": 0.0,
    "median": 1.0889258289549895,
    "min": 1.0889258289549895,
    "max": 1.0889258289549895,
    "ci_95": 0.0,
    "n": 5,
    "values": [
      1.0889258289549895,
      1.0889258289549895,
      1.0889258289549895,
      1.0889258289549895,
      1.0889258289549895
    ],
    "latex": "1.0889 \\pm 0.0000"
  },
  "moduli_generalization_mod5": {
    "mean": 0.0,
    "std": 0.0,
    "median": 0.0,
    "min": 0.0,
    "max": 0.0,
    "ci_95": 0.0,
    "n": 5,
    "values": [
      0.0,
      0.0,
      0.0,
      0.0,
      0.0
    ],
    "latex": "0.0000 \\pm 0.0000"
  },
  "moduli_generalization_mod7": {
    "mean": 0.0,
    "std": 0.0,
    "median": 0.0,
    "min": 0.0,
    "max": 0.0,
    "ci_95": 0.0,
    "n": 5,
    "values": [
      0.0,
      0.0,
      0.0,
      0.0,
      0.0
    ],
    "latex": "0.0000 \\pm 0.0000"
  },
  "moduli_generalization_mod11": {
    "mean": 0.0,
    "std": 0.0,
    "median": 0.0,
    "min": 0.0,
    "max": 0.0,
    "ci_95": 0.0,
    "n": 5,
    "values": [
      0.0,
      0.0,
      0.0,
      0.0,
      0.0
    ],
    "latex": "0.0000 \\pm 0.0000"
  },
  "moduli_generalization_mod13": {
    "mean": 0.0,
    "std": 0.0,
    "median": 0.0,
    "min": 0.0,
    "max": 0.0,
    "ci_95": 0.0,
    "n": 5,
    "values": [
      0.0,
      0.0,
      0.0,
      0.0,
      0.0
    ],
    "latex": "0.0000 \\pm 0.0000"
  },
  "convergence_rounds": {
    "mean": 10.0,
    "std": 0.0,
    "median": 10.0,
    "min": 10.0,
    "max": 10.0,
    "ci_95": 0.0,
    "n": 5,
    "values": [
      10.0,
      10.0,
      10.0,
      10.0,
      10.0
    ],
    "latex": "10.0000 \\pm 0.0000"
  },
  "crt_accuracy": {
    "mean": 0.0,
    "std": 0.0,
    "median": 0.0,
    "min": 0.0,
    "max": 0.0,
    "ci_95": 0.0,
    "n": 5,
    "values": [
      0.0,
      0.0,
      0.0,
      0.0,
      0.0
    ],
    "latex": "0.0000 \\pm 0.0000"
  },
  "ood_generalization": {
    "mean": 0.0,
    "std": 0.0,
    "median": 0.0,
    "min": 0.0,
    "max": 0.0,
    "ci_95": 0.0,
    "n": 5,
    "values": [
      0.0,
      0.0,
      0.0,
      0.0,
      0.0
    ],
    "latex": "0.0000 \\pm 0.0000"
  },
  "self_improvement_gain": {
    "mean": 0.0,
    "std": 0.0,
    "median": 0.0,
    "min": 0.0,
    "max": 0.0,
    "ci_95": 0.0,
    "n": 5,
    "values": [
      0.0,
      0.0,
      0.0,
      0.0,
      0.0
    ],
    "latex": "0.0000 \\pm 0.0000"
  }
}