{
  "sessions": [
    1,
    2,
    3,
    4,
    5,
    6,
    7,
    8,
    9,
    10,
    11,
    12,
    13,
    14,
    15,
    16,
    17,
    18,
    19,
    20,
    21,
    22,
    23,
    24,
    25,
    26,
    27,
    28,
    29,
    30
  ],
  "mdl_raw": [
    86.71104415127292,
    625.8333712290411,
    552.5634561682621,
    86.71104415127292,
    625.8333712290411,
    552.5634561682621,
    86.71104415127292,
    625.8333712290411,
    552.5634561682621,
    86.71104415127292,
    625.8333712290411,
    552.5634561682621,
    86.71104415127292,
    625.8333712290411,
    552.5634561682621,
    86.71104415127292,
    625.8333712290411,
    552.5634561682621,
    86.71104415127292,
    625.8333712290411,
    552.5634561682621,
    86.71104415127292,
    625.8333712290411,
    552.5634561682621,
    86.71104415127292,
    625.8333712290411,
    552.5634561682621,
    86.71104415127292,
    625.8333712290411,
    552.5634561682621
  ],
  "mdl_smooth": [
    86.71104415127292,
    356.27220769015696,
    421.70262384952537,
    337.95472892496224,
    395.530457385778,
    488.70093978917583,
    380.8764743736222,
    395.530457385778,
    488.70093978917583,
    380.8764743736222,
    395.530457385778,
    488.70093978917583,
    380.8764743736222,
    395.530457385778,
    488.70093978917583,
    380.8764743736222,
    395.530457385778,
    488.70093978917583,
    380.8764743736222,
    395.530457385778,
    488.70093978917583,
    380.8764743736222,
    395.530457385778,
    488.70093978917583,
    380.8764743736222,
    395.530457385778,
    488.70093978917583,
    380.8764743736222,
    395.530457385778,
    488.70093978917583
  ],
  "axiom_counts": [
    1,
    1,
    1,
    1,
    1,
    1,
    1,
    1,
    1,
    1,
    1,
    1,
    1,
    1,
    1,
    1,
    1,
    1,
    1,
    1,
    1,
    1,
    1,
    1,
    1,
    1,
    1,
    1,
    1,
    1
  ],
  "benefits_raw": [
    513.6922139324413,
    0.0,
    0.0,
    0.0,
    0.0,
    0.0,
    0.0,
    0.0,
    0.0,
    0.0,
    0.0,
    0.0,
    0.0,
    0.0,
    0.0,
    0.0,
    0.0,
    0.0,
    0.0,
    0.0,
    0.0,
    0.0,
    0.0,
    0.0,
    0.0,
    0.0,
    0.0,
    0.0,
    0.0,
    0.0
  ],
  "benefits_smooth": [
    513.6922139324413,
    256.84610696622065,
    171.23073797748043,
    128.42305348311032,
    102.73844278648826,
    0.0,
    0.0,
    0.0,
    0.0,
    0.0,
    0.0,
    0.0,
    0.0,
    0.0,
    0.0,
    0.0,
    0.0,
    0.0,
    0.0,
    0.0,
    0.0,
    0.0,
    0.0,
    0.0,
    0.0,
    0.0,
    0.0,
    0.0,
    0.0,
    0.0
  ]
}