{
  "compression_landmark": {
    "mean": 1.0766145383348105,
    "std": 0.0,
    "ci_95": 0.0,
    "n": 5,
    "values": [
      1.0766145383348105,
      1.0766145383348105,
      1.0766145383348105,
      1.0766145383348105,
      1.0766145383348105
    ]
  }
}