{
  "compression_landmark": {
    "mean": 1.0766145383348105,
    "std": 0.0,
    "ci_95": 0.0,
    "n": 5,
    "values": [
      1.0766145383348105,
      1.0766145383348105,
      1.0766145383348105,
      1.0766145383348105,
      1.0766145383348105
    ]
  },
  "moduli_generalization_mod5": {
    "mean": 0.0,
    "std": 0.0,
    "ci_95": 0.0,
    "n": 5,
    "values": [
      0.0,
      0.0,
      0.0,
      0.0,
      0.0
    ]
  },
  "moduli_generalization_mod7": {
    "mean": 0.0,
    "std": 0.0,
    "ci_95": 0.0,
    "n": 5,
    "values": [
      0.0,
      0.0,
      0.0,
      0.0,
      0.0
    ]
  },
  "moduli_generalization_mod11": {
    "mean": 0.0,
    "std": 0.0,
    "ci_95": 0.0,
    "n": 5,
    "values": [
      0.0,
      0.0,
      0.0,
      0.0,
      0.0
    ]
  },
  "moduli_generalization_mod13": {
    "mean": 0.0,
    "std": 0.0,
    "ci_95": 0.0,
    "n": 5,
    "values": [
      0.0,
      0.0,
      0.0,
      0.0,
      0.0
    ]
  }
}